기관명,번호,남은기간,제목,사업명,AI관련여부,품질인증관련여부,관련키워드,공고유형,신청시작일,신청종료일,마감Dday,신청기간,작성자,작성일자,상세링크
NIA,29638,,[조달입찰공고] 2026년 인공지능데이터본부 사업 회계 정산 [첨부파일],재무관리팀,Y,N,"인공지능, 데이터",입찰(용역)공고,,,,,정하윤,2026.07.09,"doBbsFView('78336','29638','16010100','29638');return false;"
NIA,29637,,[사전규격공개] 2026년 개도국정보접근센터(IAC) 구축·운영 사업 종료평가 및 운영성과분석 용역 [첨부파일],글로벌기획팀,N,Y,평가,입찰(용역)공고,,,,,김영은,2026.07.08,"doBbsFView('78336','29637','16010100','29637');return false;"
NIA,29636,,[사전규격공개] 2026년 국민비서 서비스 확대 및 개선 개인정보 영향평가 [첨부파일],AI정부서비스팀,Y,Y,"AI, 평가",기타,,,,,김종표,2026.07.08,"doBbsFView('78336','29636','16010100','29636');return false;"
NIA,29632,,[사전규격공개] 2026년 2개 시도교육청(대전·경남) 학교 무선통신장비 도입 및 설치 위탁감리 [첨부파일],통신서비스팀,N,N,,기타,,,,,곽현호,2026.07.08,"doBbsFView('78336','29632','16010100','29632');return false;"
KISA,1883,,2026년 블록체인 혁신선도 프로젝트 지원사업 품질관리 용역,,N,Y,품질,입찰(용역)공고,,,,,,2026-07-20,https://www.kisa.or.kr/403/form?postSeq=10782&page=1
KISA,1873,,(재공고) 스미싱확인서비스 클라우드 이전 및 이중화,,N,N,,R&D지원사업,,,,,,2026-07-15,https://www.kisa.or.kr/403/form?postSeq=10772&page=2
KISA,1863,,[사전규격공개] 글로벌 가상 얼굴인식 합성데이터 제작,,Y,N,데이터,기타,,,,,,2026-07-13,https://www.kisa.or.kr/403/form?postSeq=10762&page=3
NIPA,362,D-28,특화 인공지능 파운데이션 모델 개발(사이버 보안 분야) 사업 공고,특화 인공지능 파운데이션 모델 개발(사이버 보안 분야) 사업,Y,N,인공지능,R&D지원사업,,,,:,박정호,2026-07-22,https://www.nipa.kr/home/2-2/16866
NIPA,361,D-28,싱가포르IT지원센터 2026년 하반기 입주기업 모집 공고,해외IT지원센터(싱가포르) 운영,N,N,,R&D지원사업,,,,:,김수련,2026-07-21,https://www.nipa.kr/home/2-2/16861
NIPA,360,D-18,전 국민 AI 서비스 보편적 활용 지원(모두의 AI) 사업 공고,전 국민 AI 서비스 보편적 활용 지원(모두의 AI) 사업,Y,N,AI,R&D지원사업,,,,:,송근호,2026-07-13,https://www.nipa.kr/home/2-2/16852
NIPA,359,오늘마감,2026년도 소프트웨어 산업발전 유공자 포상계획 공고,중소SW기업경쟁력강화,N,N,,포상·시상,,,,:,이호연,2026-07-07,https://www.nipa.kr/home/2-2/16846
NIPA,358,종료,2026년도 SaaS 전환 컨설팅 2차 수요기업 모집,SaaS 기반 창업성장 지원(SaaS 전환지원센터 운영),N,N,,R&D지원사업,,,,:,조현주,2026-06-23,https://www.nipa.kr/home/2-2/16827
NIPA,357,종료,하노이 IT지원센터‘26년 하반기 연간 입주기업 모집 공고,해외IT지원센터(하노이) 운영,N,N,,R&D지원사업,,,,:,이지수,2026-06-18,https://www.nipa.kr/home/2-2/16820
NIPA,356,종료,2026년도 고용노동부(안전보건공단) 연계  스마트 안전장비지원 품목 등록 시행계획 공고(1차),디지털 안전 선도모델 개발,N,N,,R&D지원사업,,,,:,한상진,2026-06-16,https://www.nipa.kr/home/2-2/16817
NIPA,355,종료,2026년 오픈소스 개발자 대회 공고,공개SW활성화지원,N,N,,R&D지원사업,,,,:,유기현,2026-06-15,https://www.nipa.kr/home/2-2/16815
NIPA,354,종료,2026년도 과학기술정보통신부「고성능컴퓨팅지원」사업 사용자 추가모집 공고,고성능컴퓨팅지원,N,N,,R&D지원사업,,,,:,신동필,2026-05-29,https://www.nipa.kr/home/2-2/16797
NIPA,353,종료,｢2026년도 AX 원스톱 바우처｣ 지원사업 수요기업 추가 모집 공고,AX 원스톱 바우처 지원,N,N,,R&D지원사업,,,,:,한복미,2026-05-28,https://www.nipa.kr/home/2-2/16795
NIPA,352,종료,"호치민IT지원센터 2026년 7월 입주기업 모집 계획(3인실, 2실 모집)",해외IT지원센터(호치민) 운영,N,N,,R&D지원사업,,,,:,이로운,2026-05-18,https://www.nipa.kr/home/2-2/16774
NIPA,351,종료,2026년도 ｢AI 청년창업기업 동반성장 바우처｣ 사업 수요기업 모집 공고,AI 청년창업기업 동반성장 바우처,Y,N,AI,R&D지원사업,,,,:,김영근,2026-05-08,https://www.nipa.kr/home/2-2/16764
NIPA,350,종료,2026년「조선 AX 특화 AI 모델하우스 구축·실증사업」신규과제 모집공고,조선AX 특화 AI모델하우스 구축·실증,Y,N,AI,R&D지원사업,,,,:,이해미,2026-05-06,https://www.nipa.kr/home/2-2/16756
NIPA,349,종료,2026년 「수출 유망 디지털콘텐츠 강소기업 육성」지원기업 추가모집 공고,2026년 수출 유망 디지털콘텐츠 강소기업 육성 지원,N,N,,R&D지원사업,,,,:,김진원,2026-05-04,https://www.nipa.kr/home/2-2/16752
NIPA,348,종료,2026년 소형 데이터센터 기반 AI산업 성장 지원 사업 공고,소형 데이터센터 기반 AI 산업 성장 지원,Y,N,"AI, 데이터",R&D지원사업,,,,:,송현수,2026-04-30,https://www.nipa.kr/home/2-2/16750
NIPA,347,종료,2026년도 ｢AI 청년창업기업 동반성장 바우처｣ 지원사업 운영기관 모집 공고,AI 청년창업기업 동반성장 바우처,Y,N,AI,R&D지원사업,,,,:,김영근,2026-04-20,https://www.nipa.kr/home/2-2/16731
NIPA,346,종료,2026년도 「AI 청년창업기업 동반성장 바우처」 지원사업 공급기업 후보군(POOL) 모집  수정공고,AI 청년창업기업 동반성장 바우처,Y,N,AI,R&D지원사업,,,,:,김영근,2026-04-20,https://www.nipa.kr/home/2-2/16730
NIPA,345,종료,2026년 AI기반 의료시스템 디지털 전환 지원(AI특화병원 AX-Ready 시범사업) 사업 공고,2026년 AI 기반 의료시스템 디지털 전환 지원(AX-Ready 시범사업),Y,N,AI,R&D지원사업,,,,:,최원석,2026-04-20,https://www.nipa.kr/home/2-2/16728
NIPA,344,상시모집,2026년 산업전문인력 AI역량강화 지원사업 발표평가 결과 및 지원 대상과제 선정 공고,산업전문인력 AI역량강화,Y,Y,"AI, 평가",R&D지원사업,,,,,김광혁,2026-04-20,https://www.nipa.kr/home/2-2/16726
NIPA,343,종료,2026년 코리아 국제 스트리밍 페스티벌 투자유치 쇼케이스 참가 기업 모집 공고(기간연장),K-OTT 확산지원사업,N,N,,R&D지원사업,,,,:,임슬아,2026-04-17,https://www.nipa.kr/home/2-2/16725
NIPA,342,종료,싱가포르IT지원센터 2026년 상반기 입주기업 모집 공고,해외IT지원센터(싱가포르) 운영,N,N,,R&D지원사업,,,,:,김수련,2026-04-15,https://www.nipa.kr/home/2-2/16720
NIPA,341,종료,2026년도 호치민IT지원센터 공간 효율화를 위한 인테리어 용역 입찰 공고,해외IT지원센터(호치민) 운영,N,N,,입찰(용역)공고,,,,:,이로운,2026-04-13,https://www.nipa.kr/home/2-2/16712
NIPA,340,상시모집,2026년 산업전문인력 AI역량강화 지원사업 서류평가 결과 및 발표평가 대상자 선정 공고,산업전문인력 AI역량강화,Y,Y,"AI, 평가",R&D지원사업,,,,,김광혁,2026-04-08,https://www.nipa.kr/home/2-2/16691
NIPA,339,D-68,2026년 DNA 융합 제품·서비스 해외진출 지원 사업  참여기업 모집 공고,DNA 융합 제품서비스 해외진출 지원,N,N,,R&D지원사업,,,,:,곽정호,2026-04-06,https://www.nipa.kr/home/2-2/16675
NIPA,338,종료,하노이 IT지원센터 ‘26년 상반기 연간/단기 입주기업 모집 공고,해외IT지원센터(하노이) 운영,N,N,,R&D지원사업,,,,:,이서현,2026-04-06,https://www.nipa.kr/home/2-2/16680
NIPA,337,종료,[재공고]2026년 소프트웨어 인재키움 사업 수행지역 및 기관 선정 공고,소프트웨어 인재키움,N,N,,R&D지원사업,,,,:,주다인,2026-04-03,https://www.nipa.kr/home/2-2/16671
NIPA,336,종료,「K-테크 파이오니어즈」 글로벌 한국 인재·팀 모집 공고,K-테크 파이오니어즈,N,N,,R&D지원사업,,,,:,강현우,2026-04-02,https://www.nipa.kr/home/2-2/16666
NIPA,335,상시모집,2026년 SW IP(지식재산권) 평가보증 지원사업 신청안내,SW기술가치확보 및 사업화지원,N,Y,평가,R&D지원사업,,,,,윤진아,2026-04-02,https://www.nipa.kr/home/2-2/16669
NIPA,334,D-129,[접수마감]「첨단 GPU 활용 지원 사업」사용자 수시 모집 공고,AI컴퓨팅자원 활용기반 강화사업 (첨단 GPU 활용 지원),Y,N,AI,R&D지원사업,,,,:,정윤서,2026-04-01,https://www.nipa.kr/home/2-2/16668
NIPA,333,종료,2026년「디지털콘텐츠 융합기업 글로벌 마켓 참가사업(AWE USA 2026) 지원기업 모집 공고,디지털콘텐츠 융합기업 글로벌 마켓 참가,N,N,,R&D지원사업,,,,:,임혜순,2026-04-01,https://www.nipa.kr/home/2-2/16665
NIA,29739,신규,[입찰공고] 제2차 재난안전통신망 기본계획 수립 [첨부파일],재무관리팀,N,N,,입찰(용역)공고,,,,,이용진,2026.07.23,"doBbsFView('78336','29739','16010100','29739');return false;"
NIA,29738,신규,[조달입찰공고] 국방 지능형 플랫폼 고도화 구축 [첨부파일],재무관리팀,Y,N,지능형,입찰(용역)공고,,,,,장경수,2026.07.23,"doBbsFView('78336','29738','16010100','29738');return false;"
NIA,29737,신규,[입찰공고] 차세대 네트워크 선도 연구시험망 과제기획(KOREN 6.0) [첨부파일],재무관리팀,N,Y,시험,입찰(용역)공고,,,,,장경수,2026.07.23,"doBbsFView('78336','29737','16010100','29737');return false;"
NIA,29729,신규,[입찰공고(재공고)] 디지털역량(지원)센터 기반의 디지털취약계층 지원 방안 수립 [첨부파일],재무관리팀,N,N,,입찰(용역)공고,,,,,정하윤,2026.07.23,"doBbsFView('78336','29729','16010100','29729');return false;"
NIA,29728,신규,[입찰공고] 제12회 글로벌 ICT 리더십 포럼 운영지원 [첨부파일],재무관리팀,N,N,,입찰(용역)공고,,,,,배보배,2026.07.22,"doBbsFView('78336','29728','16010100','29728');return false;"
NIA,29727,신규,[사전규격공개] 신규 스마트워크센터(인천) 구축 공사(소방) [첨부파일],AI정부혁신성과팀,Y,N,AI,기타,,,,,김성수,2026.07.22,"doBbsFView('78336','29727','16010100','29727');return false;"
NIA,29726,신규,[사전규격공개] 신규 스마트워크센터(인천) 구축 공사(통신) [첨부파일],AI정부혁신성과팀,Y,N,AI,기타,,,,,김성수,2026.07.22,"doBbsFView('78336','29726','16010100','29726');return false;"
NIA,29725,신규,[사전규격공개] 신규 스마트워크센터(인천) 구축 공사(전기) [첨부파일],AI정부혁신성과팀,Y,N,AI,기타,,,,,김성수,2026.07.22,"doBbsFView('78336','29725','16010100','29725');return false;"
NIA,29724,신규,[사전규격공개] 신규 스마트워크센터(인천) 구축 공사(실내건축) [첨부파일],AI정부혁신성과팀,Y,N,AI,기타,,,,,김성수,2026.07.22,"doBbsFView('78336','29724','16010100','29724');return false;"
NIA,29723,신규,[사전규격공개] AIEP 메일 계정 및 빅테크 교육 플랫폼 연동 운영 [첨부파일],AI기술전략팀,Y,N,AI,기타,,,,,전호현,2026.07.22,"doBbsFView('78336','29723','16010100','29723');return false;"
NIA,29722,신규,[사전규격공개] 국방 지능형 플랫폼 고도화 구축 [첨부파일],AI기술전략팀,Y,N,"AI, 지능형",기타,,,,,박수영,2026.07.22,"doBbsFView('78336','29722','16010100','29722');return false;"
NIA,29721,신규,[조달입찰공고] 모두의 AI 실험실 활용·지원 프로세스 수립 및 활성화 (긴급공고) [첨부파일],재무관리팀,Y,N,AI,입찰(용역)공고,,,,,이용진,2026.07.22,"doBbsFView('78336','29721','16010100','29721');return false;"
NIA,29720,신규,[입찰공고] 5G-A 테스트베드 고도화를 위한 과제 세부기획 [첨부파일],재무관리팀,N,N,,입찰(용역)공고,,,,,배보배,2026.07.21,"doBbsFView('78336','29720','16010100','29720');return false;"
NIA,29719,신규,[조달입찰공고] 재난안전 AI 데이터 구축 위탁감리 [첨부파일],재무관리팀,Y,N,"AI, 데이터",입찰(용역)공고,,,,,권남희,2026.07.21,"doBbsFView('78336','29719','16010100','29719');return false;"
NIA,29698,신규,[사전규격공개] AI·디지털 사회 대국민 인식조사 [첨부파일],디지털포용기획팀,Y,N,AI,기타,,,,,최문현,2026.07.21,"doBbsFView('78336','29698','16010100','29698');return false;"
NIA,29697,신규,[사전규격공개] 국민 참여형 AI 민주정부 플랫폼 운영체계 연구용역 [첨부파일],AI정부기획팀,Y,N,AI,입찰(용역)공고,,,,,김송민,2026.07.21,"doBbsFView('78336','29697','16010100','29697');return false;"
NIA,29688,신규,[조달입찰공고] 세르비아 지방자치단체 오픈데이터 포털 등록을 위한 PoC 수행 및 AI기반 재난안전 데이터 분석방안 [첨부파일],재무관리팀,Y,N,"AI, 데이터",입찰(용역)공고,,,,,권남희,2026.07.20,"doBbsFView('78336','29688','16010100','29688');return false;"
NIA,29686,신규,[입찰공고] 디지털정부 전시체험관 키오스크 배리어프리 전환 [첨부파일],재무관리팀,N,N,,입찰(용역)공고,,,,,배보배,2026.07.16,"doBbsFView('78336','29686','16010100','29686');return false;"
NIA,29685,신규,[조달입찰공고] 백업센터 2·3전 기반환경 구축 전기공사 실시설계용역 [첨부파일],재무관리팀,N,N,,입찰(용역)공고,,,,,배보배,2026.07.16,"doBbsFView('78336','29685','16010100','29685');return false;"
NIA,29684,신규,[조달입찰공고] 2026년 디지털서비스 개방 API 개발 지원사업 위탁감리 [첨부파일],재무관리팀,N,N,,입찰(용역)공고,,,,,정하윤,2026.07.16,"doBbsFView('78336','29684','16010100','29684');return false;"
NIA,29677,신규,[입찰공고_재공고] 26년 클라우드 네이티브 전환 사업(행정안전부 자치단체통합인터넷원서접수시스템) 개인정보영향평가 [첨부파일],재무관리팀,N,Y,평가,입찰(용역)공고,,,,,정하윤,2026.07.16,"doBbsFView('78336','29677','16010100','29677');return false;"
NIA,29676,신규,[조달입찰공고] AIEP 메일 계정 및 빅테크 교육 플랫폼 연동 운영 [첨부파일],재무관리팀,Y,N,AI,입찰(용역)공고,,,,,이용진,2026.07.15,"doBbsFView('78336','29676','16010100','29676');return false;"
NIA,29665,신규,[조달입찰공고] (긴급) 2026년 스쿨넷서비스 기술지원 [첨부파일],재무관리팀,N,N,,입찰(용역)공고,,,,,배보배,2026.07.14,"doBbsFView('78336','29665','16010100','29665');return false;"
NIA,29664,신규,[조달입찰공고] 의료 데이터 스페이스 구축(1차년도) 위탁감리 [첨부파일],재무관리팀,Y,N,데이터,입찰(용역)공고,,,,,배보배,2026.07.14,"doBbsFView('78336','29664','16010100','29664');return false;"
NIA,29662,신규,[조달입찰공고] 모두의 AI 실험실 온라인 플랫폼 고도화 [첨부파일],재무관리팀,Y,N,AI,입찰(용역)공고,,,,,이용진,2026.07.14,"doBbsFView('78336','29662','16010100','29662');return false;"
NIA,29659,신규,[조달입찰공고] '26년 민간 SaaS 연계공통기반 운영 지원 [첨부파일],재무관리팀,N,N,,입찰(용역)공고,,,,,이용진,2026.07.14,"doBbsFView('78336','29659','16010100','29659');return false;"
NIA,29657,신규,[입찰공고] 인공지능산업 진흥 및 안전·신뢰 균형을 위한 규범적 접근 방안 모색 [첨부파일],재무관리팀,Y,N,인공지능,입찰(용역)공고,,,,,정하윤,2026.07.14,"doBbsFView('78336','29657','16010100','29657');return false;"
NIA,29641,,[사전규격공개] 5G-A 테스트베드 고도화를 위한 과제 세부기획 [첨부파일],네트워크전략팀,N,N,,기타,,,,,하연주,2026.07.10,"doBbsFView('78336','29641','16010100','29641');return false;"
NIA,29640,,[조달입찰공고] 글로벌 AI 협력 방안 수립 지원 [첨부파일],재무관리팀,Y,N,AI,입찰(용역)공고,,,,,정하윤,2026.07.10,"doBbsFView('78336','29640','16010100','29640');return false;"
NIA,29639,,[입찰공고] 디지털역량(지원)센터 기반의 디지털취약계층 지원 방안 수립 [첨부파일],재무관리팀,N,N,,입찰(용역)공고,,,,,정하윤,2026.07.09,"doBbsFView('78336','29639','16010100','29639');return false;"
KEIT,I22474,종료,2026년도 제3차 조선해양산업기술개발사업(AI완전자율운항선박기술개발) 신규지원 대상과제 공고,IRIS 공고,Y,N,AI,R&D지원사업,2026-06-15,2026-07-14,마감,2026-06-15 09:00 ~ 2026-07-14 18:00,,2026-06-15,https://srome.keit.re.kr/srome/biz/perform/opnnPrpsl/retrieveTaskAnncmView.do?prgmId=XPG201040000&ancmId=I22474&ancmYy=2026
KEIT,I22395,종료,2026년도 제2차 국가표준기술력향상사업 신규지원 대상과제 공고,IRIS 공고,N,Y,표준,R&D지원사업,2026-06-19,2026-07-13,마감,2026-06-19 09:00 ~ 2026-07-13 18:00,,2026-06-12,https://srome.keit.re.kr/srome/biz/perform/opnnPrpsl/retrieveTaskAnncmView.do?prgmId=XPG201040000&ancmId=I22395&ancmYy=2026
KEIT,I22434,종료,2026년도 제2차 조선해양산업기술개발사업 신규지원 대상과제 공고,IRIS 공고,N,N,,R&D지원사업,2026-06-12,2026-07-13,마감,2026-06-12 09:00 ~ 2026-07-13 18:00,,2026-06-12,https://srome.keit.re.kr/srome/biz/perform/opnnPrpsl/retrieveTaskAnncmView.do?prgmId=XPG201040000&ancmId=I22434&ancmYy=2026
KEIT,I22194,종료,2026년도 K-온디바이스 AI반도체 기술개발사업 신규 지원대상 연구개발과제 공고,IRIS 공고,Y,N,AI,R&D지원사업,2026-06-18,2026-07-10,마감,2026-06-18 09:00 ~ 2026-07-10 18:00,,2026-06-11,https://srome.keit.re.kr/srome/biz/perform/opnnPrpsl/retrieveTaskAnncmView.do?prgmId=XPG201040000&ancmId=I22194&ancmYy=2026
KEIT,I21894,종료,2026년도 제2차 제품안전관리기술개발및실증사업 신규지원 대상과제 공고,IRIS 공고,N,N,,R&D지원사업,2026-05-29,2026-06-30,마감,2026-05-29 09:00 ~ 2026-06-30 18:00,,2026-05-29,https://srome.keit.re.kr/srome/biz/perform/opnnPrpsl/retrieveTaskAnncmView.do?prgmId=XPG201040000&ancmId=I21894&ancmYy=2026
KEIT,I21937,종료,2026년도 자동차산업기술개발 2차 신규지원 대상과제 공고,IRIS 공고,N,N,,R&D지원사업,2026-06-05,2026-06-29,마감,2026-06-05 09:00 ~ 2026-06-29 18:00,,2026-06-09,https://srome.keit.re.kr/srome/biz/perform/opnnPrpsl/retrieveTaskAnncmView.do?prgmId=XPG201040000&ancmId=I21937&ancmYy=2026
KEIT,I21975,종료,2026년도 제2차 바이오헬스분야 연구개발사업 신규지원 대상과제 통합 공고,IRIS 공고,N,N,,R&D지원사업,2026-06-08,2026-06-29,마감,2026-06-08 09:00 ~ 2026-06-29 18:00,,2026-06-08,https://srome.keit.re.kr/srome/biz/perform/opnnPrpsl/retrieveTaskAnncmView.do?prgmId=XPG201040000&ancmId=I21975&ancmYy=2026
KEIT,I22056,종료,2026년도 지식서비스산업기술개발사업(서비스핵심기술개발) 신규지원 대상과제 공고,,N,N,,R&D지원사업,2026-05-29,2026-06-29,마감,2026-05-29 09:00 ~ 2026-06-29 18:10,,2026-06-01,https://srome.keit.re.kr/srome/biz/perform/opnnPrpsl/retrieveTaskAnncmView.do?prgmId=XPG201040000&ancmId=I22056&ancmYy=2026
KEIT,I22075,종료,2026년도 첨단산업용시스템엔지니어링설계모델링기술개발사업 신규지원 대상과제 공고,IRIS 공고,N,N,,R&D지원사업,2026-05-29,2026-06-29,마감,2026-05-29 09:00 ~ 2026-06-29 18:10,,2026-06-01,https://srome.keit.re.kr/srome/biz/perform/opnnPrpsl/retrieveTaskAnncmView.do?prgmId=XPG201040000&ancmId=I22075&ancmYy=2026
KEIT,I22076,종료,2026년도 지식서비스산업기술개발사업(서비스산업융합고도화) 신규지원 대상과제 공고,,N,N,,R&D지원사업,2026-05-29,2026-06-29,마감,2026-05-29 09:00 ~ 2026-06-29 18:20,,2026-06-01,https://srome.keit.re.kr/srome/biz/perform/opnnPrpsl/retrieveTaskAnncmView.do?prgmId=XPG201040000&ancmId=I22076&ancmYy=2026
KEIT,I21895,종료,2026년도 재난안전 중점기술 로드맵 연계형 기술개발사업  신규과제 공모,IRIS 공고,N,N,,기타,2026-05-29,2026-06-26,마감,2026-05-29 09:00 ~ 2026-06-26 18:00,,2026-05-27,https://srome.keit.re.kr/srome/biz/perform/opnnPrpsl/retrieveTaskAnncmView.do?prgmId=XPG201040000&ancmId=I21895&ancmYy=2026
KEIT,I21796,종료,2026년도 민군융합핵심소재자립화기술개발사업 신규지원 대상과제 공고,IRIS 공고,N,N,,R&D지원사업,2026-06-02,2026-06-26,마감,2026-06-02 09:00 ~ 2026-06-26 18:00,,2026-05-26,https://srome.keit.re.kr/srome/biz/perform/opnnPrpsl/retrieveTaskAnncmView.do?prgmId=XPG201040000&ancmId=I21796&ancmYy=2026
KEIT,I21938,종료,2026년도 로봇산업기술개발사업 신규지원 대상과제 공고,IRIS 공고,N,N,,R&D지원사업,2026-06-08,2026-06-25,마감,2026-06-08 09:00 ~ 2026-06-25 18:00,,2026-05-27,https://srome.keit.re.kr/srome/biz/perform/opnnPrpsl/retrieveTaskAnncmView.do?prgmId=XPG201040000&ancmId=I21938&ancmYy=2026
KEIT,I21939,종료,2026년도 K-로봇피지컬AI생태계조성사업 신규지원 대상과제 공고,IRIS 공고,Y,N,AI,R&D지원사업,2026-06-08,2026-06-25,마감,2026-06-08 09:00 ~ 2026-06-25 18:00,,2026-05-27,https://srome.keit.re.kr/srome/biz/perform/opnnPrpsl/retrieveTaskAnncmView.do?prgmId=XPG201040000&ancmId=I21939&ancmYy=2026
KEIT,I21878,종료,2026년도 첨단소재공정고도화 및 기술역량확보기술개발사업 신규지원 대상과제 공고,IRIS 공고,N,N,,R&D지원사업,2026-05-22,2026-06-22,마감,2026-05-22 09:00 ~ 2026-06-22 18:00,,2026-05-22,https://srome.keit.re.kr/srome/biz/perform/opnnPrpsl/retrieveTaskAnncmView.do?prgmId=XPG201040000&ancmId=I21878&ancmYy=2026
KEIT,I21655,종료,2026년도 제2차 산업기술R&D연구기획사업 신규지원 대상과제 공고,IRIS 공고,N,N,,R&D지원사업,2026-05-22,2026-06-22,마감,2026-05-22 09:00 ~ 2026-06-22 18:00,,2026-05-22,https://srome.keit.re.kr/srome/biz/perform/opnnPrpsl/retrieveTaskAnncmView.do?prgmId=XPG201040000&ancmId=I21655&ancmYy=2026
KEIT,I18874,종료,2026년도 소재부품기술개발사업(2차) 신규지원 대상과제 공고,IRIS 공고,N,N,,R&D지원사업,2026-02-11,2026-06-18,마감,2026-02-11 09:00 ~ 2026-06-18 18:00,,2026-02-11,https://srome.keit.re.kr/srome/biz/perform/opnnPrpsl/retrieveTaskAnncmView.do?prgmId=XPG201040000&ancmId=I18874&ancmYy=2026
KEIT,I20594,종료,2026년도 글로벌기업산업기술연계R&D 사업 신규지원 대상과제 공고,IRIS 공고,N,N,,R&D지원사업,2026-04-06,2026-06-12,마감,2026-04-06 09:00 ~ 2026-06-12 18:00,,2026-04-06,https://srome.keit.re.kr/srome/biz/perform/opnnPrpsl/retrieveTaskAnncmView.do?prgmId=XPG201040000&ancmId=I20594&ancmYy=2026
KEIT,I21054,종료,2026년도  신산업 대응 차세대 공통핵심뿌리기술개발사업 신규지원 대상과제 공고,IRIS 공고,N,N,,R&D지원사업,2026-04-21,2026-06-02,마감,2026-04-21 09:00 ~ 2026-06-02 18:00,,2026-04-21,https://srome.keit.re.kr/srome/biz/perform/opnnPrpsl/retrieveTaskAnncmView.do?prgmId=XPG201040000&ancmId=I21054&ancmYy=2026
KEIT,I21435,종료,2026년도 기계장비산업기술개발사업 신규지원 대상과제 공고,,N,N,,R&D지원사업,2026-05-11,2026-05-29,마감,2026-05-11 09:00 ~ 2026-05-29 18:00,,2026-04-30,https://srome.keit.re.kr/srome/biz/perform/opnnPrpsl/retrieveTaskAnncmView.do?prgmId=XPG201040000&ancmId=I21435&ancmYy=2026
KEIT,I21434,종료,2026년도 산업용무기·유기화합물제형물성예측AI파운데이션모델개발사업 신규지원 대상과제 공고,IRIS 공고,Y,N,AI,R&D지원사업,2026-05-11,2026-05-29,마감,2026-05-11 09:00 ~ 2026-05-29 18:00,,2026-04-30,https://srome.keit.re.kr/srome/biz/perform/opnnPrpsl/retrieveTaskAnncmView.do?prgmId=XPG201040000&ancmId=I21434&ancmYy=2026
KEIT,I21574,종료,2026년도 뿌리산업 혁신공정장비 개발사업 신규지원 대상과제 공고 (3차),IRIS 공고,N,N,,R&D지원사업,2026-05-12,2026-05-26,마감,2026-05-12 09:00 ~ 2026-05-26 18:00,,2026-05-12,https://srome.keit.re.kr/srome/biz/perform/opnnPrpsl/retrieveTaskAnncmView.do?prgmId=XPG201040000&ancmId=I21574&ancmYy=2026
KEIT,I21454,종료,2026년도 수요맞춤형산업별배터리소재및셀기술개발 사업 신규 지원대상 연구개발과제 재공고,IRIS 공고,N,N,,R&D지원사업,2026-04-30,2026-05-14,마감,2026-04-30 09:00 ~ 2026-05-14 18:00,,2026-04-30,https://srome.keit.re.kr/srome/biz/perform/opnnPrpsl/retrieveTaskAnncmView.do?prgmId=XPG201040000&ancmId=I21454&ancmYy=2026
KEIT,I21075,종료,2026년도 제조암묵지기반AI모델개발사업 신규지원 대상과제 공고,IRIS 공고,Y,N,AI,R&D지원사업,2026-04-21,2026-05-11,마감,2026-04-21 09:00 ~ 2026-05-11 18:00,,2026-04-17,https://srome.keit.re.kr/srome/biz/perform/opnnPrpsl/retrieveTaskAnncmView.do?prgmId=XPG201040000&ancmId=I21075&ancmYy=2026
KEIT,I20915,종료,2026년도 뿌리산업 혁신공정장비 개발사업 신규지원 대상과제 공고 (2차),IRIS 공고,N,N,,R&D지원사업,2026-04-21,2026-05-06,마감,2026-04-21 09:00 ~ 2026-05-06 18:00,,2026-04-21,https://srome.keit.re.kr/srome/biz/perform/opnnPrpsl/retrieveTaskAnncmView.do?prgmId=XPG201040000&ancmId=I20915&ancmYy=2026
KEIT,I20274,종료,2026년도 광물자원분야 신규지원대상 연구개발과제 공고,IRIS 공고,N,N,,R&D지원사업,2026-03-24,2026-04-23,마감,2026-03-24 09:00 ~ 2026-04-23 18:00,,2026-03-24,https://srome.keit.re.kr/srome/biz/perform/opnnPrpsl/retrieveTaskAnncmView.do?prgmId=XPG201040000&ancmId=I20274&ancmYy=2026
KEIT,I20222,종료,2026년도 제조AI데이터벨류체인구축사업 신규지원 대상과제 공고,IRIS 공고,Y,N,"AI, 데이터",R&D지원사업,2026-04-06,2026-04-21,마감,2026-04-06 09:00 ~ 2026-04-21 18:00,,2026-03-23,https://srome.keit.re.kr/srome/biz/perform/opnnPrpsl/retrieveTaskAnncmView.do?prgmId=XPG201040000&ancmId=I20222&ancmYy=2026
KEIT,I20221,종료,2026년도 시설농업로봇실증기반구축사업 신규지원 대상과제 공고,IRIS 공고,N,N,,R&D지원사업,2026-04-06,2026-04-21,마감,2026-04-06 09:00 ~ 2026-04-21 18:00,,2026-03-23,https://srome.keit.re.kr/srome/biz/perform/opnnPrpsl/retrieveTaskAnncmView.do?prgmId=XPG201040000&ancmId=I20221&ancmYy=2026
KEIT,I19937,종료,2026년도 제1차 바이오헬스분야 연구개발사업 신규지원 대상과제 통합 공고,IRIS 공고,N,N,,R&D지원사업,2026-03-30,2026-04-20,마감,2026-03-30 09:00 ~ 2026-04-20 18:00,,2026-03-17,https://srome.keit.re.kr/srome/biz/perform/opnnPrpsl/retrieveTaskAnncmView.do?prgmId=XPG201040000&ancmId=I19937&ancmYy=2026
KEIT,I20194,종료,2026년 AI 응용제품 신속 상용화 지원사업 신규지원 대상과제 공고,IRIS 공고,Y,N,AI,R&D지원사업,2026-03-26,2026-04-17,마감,2026-03-26 09:00 ~ 2026-04-17 18:00,,2026-03-19,https://srome.keit.re.kr/srome/biz/perform/opnnPrpsl/retrieveTaskAnncmView.do?prgmId=XPG201040000&ancmId=I20194&ancmYy=2026
KIAT,4025,접수중,(입찰공고) AI 데이터센터 소부장 사업화 지원 기획 연구,,Y,N,"AI, 데이터",입찰(용역)공고,2026-07-15,2026-07-28,D-4,2026-07-15~2026-07-28,,2026-07-15,https://www.kiat.or.kr/front/board/boardContentsView.do?board_id=77&contents_id=ed76800f91744b358d7b020cf1e6f1f2&MenuId=1e29209309434ec29095728c6f1356c7
KIAT,4024,접수중,"(입찰공고) 디지털 전환 선도를 위한 M.AX, AIDC 분야 혁신인재 양성방안",,Y,N,AI,입찰(용역)공고,2026-07-15,2026-07-28,D-4,2026-07-15~2026-07-28,,2026-07-15,https://www.kiat.or.kr/front/board/boardContentsView.do?board_id=77&contents_id=3674348fdb2a412d9a0febac45316418&MenuId=1e29209309434ec29095728c6f1356c7
KIAT,4023,접수중,"(입찰공고) 2026 공학페스티벌 기획, 운영 및 홍보 수행",,N,N,,입찰(용역)공고,2026-07-14,2026-07-28,D-4,2026-07-14~2026-07-28,,2026-07-14,https://www.kiat.or.kr/front/board/boardContentsView.do?board_id=77&contents_id=7990ed3aec37415b8638a41e102a85bd&MenuId=1e29209309434ec29095728c6f1356c7
KIAT,4022,접수중,(입찰공고) 산업기술개발장비 성과분석,,N,N,,입찰(용역)공고,2026-07-13,2026-07-24,D-day,2026-07-13~2026-07-24,,2026-07-13,https://www.kiat.or.kr/front/board/boardContentsView.do?board_id=77&contents_id=c738dda012b74774b4039c519ae8e584&MenuId=1e29209309434ec29095728c6f1356c7
KIAT,4021,접수중,(입찰공고) 산업기술 R&D 정책 성과관리 및 환류체계 구축방안 정책연구,,N,N,,입찰(용역)공고,2026-07-13,2026-07-24,D-day,2026-07-13~2026-07-24,,2026-07-13,https://www.kiat.or.kr/front/board/boardContentsView.do?board_id=77&contents_id=a0585a4b01bc4602b2102632ba8f7c3e&MenuId=1e29209309434ec29095728c6f1356c7
KIAT,4020,접수마감,(입찰공고) 2026년도 섬유패션산업활성화기반마련사업 성과분석 용역,,N,N,,입찰(용역)공고,2026-07-07,2026-07-21,마감,2026-07-07~2026-07-21,,2026-07-07,https://www.kiat.or.kr/front/board/boardContentsView.do?board_id=77&contents_id=b612b85f543b4312a889064e81ef5710&MenuId=1e29209309434ec29095728c6f1356c7
KIAT,4019,접수마감,(입찰공고) AI 시대 근로환경 변화에 따른 대응방향 연구,,Y,N,AI,입찰(용역)공고,2026-07-07,2026-07-21,마감,2026-07-07~2026-07-21,,2026-07-07,https://www.kiat.or.kr/front/board/boardContentsView.do?board_id=77&contents_id=56d4e56925b84a6faca6b445ed6d1064&MenuId=1e29209309434ec29095728c6f1356c7
KIAT,4018,접수마감,(입찰공고) 2026년도 산업기술국제협력사업 홍보 지원 용역,,N,N,,입찰(용역)공고,2026-07-07,2026-07-21,마감,2026-07-07~2026-07-21,,2026-07-07,https://www.kiat.or.kr/front/board/boardContentsView.do?board_id=77&contents_id=42f56f4cd6b44ce88fc85c7e411860e6&MenuId=1e29209309434ec29095728c6f1356c7
KIAT,4017,접수마감,(입찰재공고) 첨단산업 인재혁신 촉진제도 홍보 용역,,N,N,,입찰(용역)공고,2026-06-30,2026-07-14,마감,2026-06-30~2026-07-14,,2026-06-30,https://www.kiat.or.kr/front/board/boardContentsView.do?board_id=77&contents_id=b7e92346f0074e688dfee88bb3be62d2&MenuId=1e29209309434ec29095728c6f1356c7
KIAT,4016,접수마감,(입찰재공고) 2026년 에너지산업협력개발지원(ODA) 자체평가,,N,Y,평가,입찰(용역)공고,2026-06-29,2026-07-10,마감,2026-06-29~2026-07-10,,2026-06-29,https://www.kiat.or.kr/front/board/boardContentsView.do?board_id=77&contents_id=e19d5c368cc54dec9a785d53b7f1cd91&MenuId=1e29209309434ec29095728c6f1356c7
KIAT,4015,접수마감,(입찰공고) 2026 인공지능 분야 부트캠프 라운드업 운영 용역,,Y,N,인공지능,입찰(용역)공고,2026-06-23,2026-07-07,마감,2026-06-23~2026-07-07,,2026-06-23,https://www.kiat.or.kr/front/board/boardContentsView.do?board_id=77&contents_id=7431a21d9c7d4461a829ab1589cf9d2b&MenuId=1e29209309434ec29095728c6f1356c7
KIAT,4014,접수마감,(입찰공고) 2026 중견기업 혁신 컨퍼런스 행사 기획 및 운영 용역,,N,N,,입찰(용역)공고,2026-06-16,2026-06-30,마감,2026-06-16~2026-06-30,,2026-06-16,https://www.kiat.or.kr/front/board/boardContentsView.do?board_id=77&contents_id=27dab7c2fe294fb2af92a3451d3f1793&MenuId=1e29209309434ec29095728c6f1356c7
KIAT,4013,접수마감,(입찰공고) 산업기술기반구축 관리 및 활용도 제고 방안 연구용역,,N,N,,입찰(용역)공고,2026-06-15,2026-06-30,마감,2026-06-15~2026-06-30,,2026-06-15,https://www.kiat.or.kr/front/board/boardContentsView.do?board_id=77&contents_id=555a5fccf55e41ec85ac3577d1f702f8&MenuId=1e29209309434ec29095728c6f1356c7
KIAT,4012,접수마감,(입찰공고) 첨단산업 인재혁신 촉진제도 홍보 용역,,N,N,,입찰(용역)공고,2026-06-15,2026-06-30,마감,2026-06-15~2026-06-30,,2026-06-15,https://www.kiat.or.kr/front/board/boardContentsView.do?board_id=77&contents_id=02f5942707d74359bdea8c9ee1ae1cb6&MenuId=1e29209309434ec29095728c6f1356c7
KIAT,4011,접수마감,(입찰공고) 2026년 에너지산업협력개발지원(ODA) 자체평가,,N,Y,평가,입찰(용역)공고,2026-06-15,2026-06-26,마감,2026-06-15~2026-06-26,,2026-06-15,https://www.kiat.or.kr/front/board/boardContentsView.do?board_id=77&contents_id=4936bba135d445b69f9e5d7f5f910f00&MenuId=1e29209309434ec29095728c6f1356c7
KIAT,4010,접수마감,(입찰공고) 소재부품기술기반혁신사업 오케이소부장 홍보 운영 지원 용역,,N,N,,입찰(용역)공고,2026-06-10,2026-06-23,마감,2026-06-10~2026-06-23,,2026-06-10,https://www.kiat.or.kr/front/board/boardContentsView.do?board_id=77&contents_id=626aea85683140bbabf96de2e5787c73&MenuId=1e29209309434ec29095728c6f1356c7
KIAT,4009,접수마감,(입찰재공고) 2026년도 에너지 ODA 전기안전 이행점검 및 인정제 용역,,N,N,,입찰(용역)공고,2026-06-10,2026-06-23,마감,2026-06-10~2026-06-23,,2026-06-10,https://www.kiat.or.kr/front/board/boardContentsView.do?board_id=77&contents_id=79eb33b47fed4188b5f65adcc6e4dbb8&MenuId=1e29209309434ec29095728c6f1356c7
KIAT,4008,접수마감,(입찰공고) 대한민국 반도체 산업의 진단 및 중장기 경쟁력 확보방안 연구,,N,N,,입찰(용역)공고,2026-06-02,2026-06-16,마감,2026-06-02~2026-06-16,,2026-06-02,https://www.kiat.or.kr/front/board/boardContentsView.do?board_id=77&contents_id=580f8a0eb2c3466287076094bddf0e22&MenuId=1e29209309434ec29095728c6f1356c7
KIAT,4007,접수마감,(입찰공고) 2026년 대한민국 지방시대 엑스포 행사대행 용역,,N,N,,입찰(용역)공고,2026-05-29,2026-07-09,마감,2026-05-29~2026-07-09,,2026-05-29,https://www.kiat.or.kr/front/board/boardContentsView.do?board_id=77&contents_id=445a86f656b24fceb1e130262bb36817&MenuId=1e29209309434ec29095728c6f1356c7
KIAT,4006,접수마감,(입찰공고) 2026년도 글로벌 산업기술정책 동향조사분석,,N,N,,입찰(용역)공고,2026-05-28,2026-06-11,마감,2026-05-28~2026-06-11,,2026-05-28,https://www.kiat.or.kr/front/board/boardContentsView.do?board_id=77&contents_id=301074497fa745419eab663710c5a017&MenuId=1e29209309434ec29095728c6f1356c7
KIAT,4005,접수마감,(입찰공고) 탄소중립 이행 지역 지원프로그램 기획,,N,N,,입찰(용역)공고,2026-05-28,2026-06-11,마감,2026-05-28~2026-06-11,,2026-05-28,https://www.kiat.or.kr/front/board/boardContentsView.do?board_id=77&contents_id=e05448fd3af34c03b91f3bc4514fd272&MenuId=1e29209309434ec29095728c6f1356c7
KIAT,4004,접수마감,(입찰재공고) 2026년 기술나눔 설명회 및 체결식 운영 지원,,N,N,,입찰(용역)공고,2026-05-28,2026-06-11,마감,2026-05-28~2026-06-11,,2026-05-28,https://www.kiat.or.kr/front/board/boardContentsView.do?board_id=77&contents_id=0893a8eab9404b65bfebb22c1016d3ed&MenuId=1e29209309434ec29095728c6f1356c7
KIAT,4003,접수마감,(입찰공고) 2026년도 에너지 ODA 전기안전 이행점검 및 인정제 용역,,N,N,,입찰(용역)공고,2026-05-27,2026-06-08,마감,2026-05-27~2026-06-08,,2026-05-27,https://www.kiat.or.kr/front/board/boardContentsView.do?board_id=77&contents_id=54875fb539da4dae9a91c358f321115b&MenuId=1e29209309434ec29095728c6f1356c7
KIAT,4002,접수마감,"(입찰공고) 2026년 산학 프로젝트 챌린지 기획, 운영 및 홍보",,N,N,,입찰(용역)공고,2026-05-27,2026-06-11,마감,2026-05-27~2026-06-11,,2026-05-27,https://www.kiat.or.kr/front/board/boardContentsView.do?board_id=77&contents_id=d6c0e327f51d4e6baf89dc851fa5195e&MenuId=1e29209309434ec29095728c6f1356c7
KIAT,4001,접수마감,(입찰공고) 2026년 연구장비시설 활용촉진 및 홍보,,N,N,,입찰(용역)공고,2026-05-27,2026-06-11,마감,2026-05-27~2026-06-11,,2026-05-27,https://www.kiat.or.kr/front/board/boardContentsView.do?board_id=77&contents_id=03f0d8aa37314a509f06ea3c4a37554b&MenuId=1e29209309434ec29095728c6f1356c7
KIAT,4000,접수마감,(조달청 입찰공고) 첨단산업 인재혁신센터 홈페이지 구축 용역,,N,N,,입찰(용역)공고,2026-06-09,2026-06-11,마감,2026-06-09~2026-06-11,,2026-05-22,https://www.kiat.or.kr/front/board/boardContentsView.do?board_id=77&contents_id=7dc4887b7ef84a7b92e8169776b4b0c2&MenuId=1e29209309434ec29095728c6f1356c7
KIAT,3999,접수마감,(입찰재공고) 2027 유망산업 발굴 및 지원전략 도출 연구,,N,N,,입찰(용역)공고,2026-05-22,2026-06-04,마감,2026-05-22~2026-06-04,,2026-05-22,https://www.kiat.or.kr/front/board/boardContentsView.do?board_id=77&contents_id=088ac0dfee4a49c6abff08b0d3a90376&MenuId=1e29209309434ec29095728c6f1356c7
KIAT,3998,접수마감,(입찰재공고) 2027년 산업기술 환경예측을 위한 조사분석,,N,N,,입찰(용역)공고,2026-05-22,2026-06-04,마감,2026-05-22~2026-06-04,,2026-05-22,https://www.kiat.or.kr/front/board/boardContentsView.do?board_id=77&contents_id=c52ca80898e94b429b195e9a7674db34&MenuId=1e29209309434ec29095728c6f1356c7
KIAT,3997,접수마감,(입찰재공고) 2026년도 산업기술인력 수급실태조사,,N,N,,입찰(용역)공고,2026-05-21,2026-06-04,마감,2026-05-21~2026-06-04,,2026-05-21,https://www.kiat.or.kr/front/board/boardContentsView.do?board_id=77&contents_id=f124b7e57fd644f28def5ae84d86109c&MenuId=1e29209309434ec29095728c6f1356c7
KIAT,3996,접수마감,(입찰공고) 배터리산업 경쟁력 강화 방안 연구,,N,N,,입찰(용역)공고,2026-05-14,2026-05-27,마감,2026-05-14~2026-05-27,,2026-05-14,https://www.kiat.or.kr/front/board/boardContentsView.do?board_id=77&contents_id=ca63f09cab7f48aabb935ef4c1fed7d9&MenuId=1e29209309434ec29095728c6f1356c7
KIAT,3995,접수마감,(입찰재공고) 2026년도 신산업 첨단산업 인력 실태조사,,N,N,,입찰(용역)공고,2026-05-14,2026-05-27,마감,2026-05-14~2026-05-27,,2026-05-14,https://www.kiat.or.kr/front/board/boardContentsView.do?board_id=77&contents_id=95546052f46943f781bb1166729ee9df&MenuId=1e29209309434ec29095728c6f1356c7
KIAT,3994,접수마감,(입찰공고) 2026년도 한미 첨단분야 청년교류 지원사업 성과조사,,N,N,,입찰(용역)공고,2026-05-13,2026-05-27,마감,2026-05-13~2026-05-27,,2026-05-13,https://www.kiat.or.kr/front/board/boardContentsView.do?board_id=77&contents_id=2584b1781728465199c4107f549a225e&MenuId=1e29209309434ec29095728c6f1356c7
KIAT,3993,접수마감,(입찰공고) 2026년 기술나눔 설명회 및 체결식 운영 지원,,N,N,,입찰(용역)공고,2026-05-13,2026-05-27,마감,2026-05-13~2026-05-27,,2026-05-13,https://www.kiat.or.kr/front/board/boardContentsView.do?board_id=77&contents_id=1a88344497964ccc93825de5ebc957c4&MenuId=1e29209309434ec29095728c6f1356c7
KIAT,3992,접수마감,(입찰공고) 2026년 교육과정 개발 및 운영,,N,N,,입찰(용역)공고,2026-05-12,2026-05-26,마감,2026-05-12~2026-05-26,,2026-05-12,https://www.kiat.or.kr/front/board/boardContentsView.do?board_id=77&contents_id=13a1f32ce0df4126a2cfa5507789ff07&MenuId=1e29209309434ec29095728c6f1356c7
KIAT,3991,접수마감,(입찰재공고) 기술평가 제도 개선 및 활용도 제고 방안,,N,Y,평가,입찰(용역)공고,2026-05-11,2026-05-22,마감,2026-05-11~2026-05-22,,2026-05-11,https://www.kiat.or.kr/front/board/boardContentsView.do?board_id=77&contents_id=01c272873a5c4547b94370ee4be8cc3f&MenuId=1e29209309434ec29095728c6f1356c7
KIAT,3990,접수마감,"(입찰재공고) 산업별 AI 에이전트 수요 발굴, 확산 및 고도화를 위한 정책 지원 과제 연구",,Y,N,AI,입찰(용역)공고,2026-05-11,2026-05-22,마감,2026-05-11~2026-05-22,,2026-05-11,https://www.kiat.or.kr/front/board/boardContentsView.do?board_id=77&contents_id=1c6d57b96fc547febf9ade7898489bc7&MenuId=1e29209309434ec29095728c6f1356c7
KIAT,3989,접수마감,(입찰공고) 2027 유망산업 발굴 및 지원전략 도출 연구,,N,N,,입찰(용역)공고,2026-05-11,2026-05-22,마감,2026-05-11~2026-05-22,,2026-05-11,https://www.kiat.or.kr/front/board/boardContentsView.do?board_id=77&contents_id=6316612bbe2b4213ae6b51e5da2de175&MenuId=1e29209309434ec29095728c6f1356c7
KIAT,3988,접수마감,(입찰공고) 2027년 산업기술 환경예측을 위한 조사분석,,N,N,,입찰(용역)공고,2026-05-11,2026-05-22,마감,2026-05-11~2026-05-22,,2026-05-11,https://www.kiat.or.kr/front/board/boardContentsView.do?board_id=77&contents_id=832a4eb9da8b45e4b47234868e647f5f&MenuId=1e29209309434ec29095728c6f1356c7
KIAT,3987,접수마감,(입찰공고) KIAT 중장기 경영목표(2027~2031) 수립 및 조직체계 진단,,N,N,,입찰(용역)공고,2026-05-07,2026-05-18,마감,2026-05-07~2026-05-18,,2026-05-07,https://www.kiat.or.kr/front/board/boardContentsView.do?board_id=77&contents_id=d578bf9c01ea43b3b1abd4059f0ec496&MenuId=1e29209309434ec29095728c6f1356c7
KIAT,3986,접수마감,(입찰3차공고) 2026년도 기업 R&D 스코어보드 DB 구축 및 조사,,N,N,,입찰(용역)공고,2026-05-07,2026-05-21,마감,2026-05-07~2026-05-21,,2026-05-07,https://www.kiat.or.kr/front/board/boardContentsView.do?board_id=77&contents_id=f88e23fe1cca4638aa9fb622cce4c4b6&MenuId=1e29209309434ec29095728c6f1356c7
KIAT,3985,접수마감,(입찰공고) 2026년도 산업기술인력 수급실태조사,,N,N,,입찰(용역)공고,2026-05-07,2026-05-21,마감,2026-05-07~2026-05-21,,2026-05-07,https://www.kiat.or.kr/front/board/boardContentsView.do?board_id=77&contents_id=8b454cc13a9248ff9440b754bc84df8f&MenuId=1e29209309434ec29095728c6f1356c7
KIAT,3984,접수마감,(입찰재공고) 통상 환경 변화에 대응하는 전력기기 산업 수출 전략 연구,,N,N,,입찰(용역)공고,2026-04-29,2026-05-14,마감,2026-04-29~2026-05-14,,2026-04-29,https://www.kiat.or.kr/front/board/boardContentsView.do?board_id=77&contents_id=0580e71f3c8e4cf1875d0841eadc020f&MenuId=1e29209309434ec29095728c6f1356c7
KIAT,3983,접수마감,(입찰재공고) M.AX 확산을 위한 산업규제 개선 및 제도개선 연구용역,,N,N,,입찰(용역)공고,2026-04-29,2026-05-14,마감,2026-04-29~2026-05-14,,2026-04-29,https://www.kiat.or.kr/front/board/boardContentsView.do?board_id=77&contents_id=2c62cc6e78dc43c0906d7b0760163056&MenuId=1e29209309434ec29095728c6f1356c7
KIAT,3982,접수마감,(입찰재공고) 글로벌 디스플레이 패권 경쟁 대응 및 산업 경쟁력 강화 전략 연구,,N,N,,입찰(용역)공고,2026-04-29,2026-05-14,마감,2026-04-29~2026-05-14,,2026-04-29,https://www.kiat.or.kr/front/board/boardContentsView.do?board_id=77&contents_id=5bcd85099c224f5782aa97ec2b29f926&MenuId=1e29209309434ec29095728c6f1356c7
KIAT,3981,접수마감,(입찰재공고) 2026년 기술나눔 참여기관의 기술분석 정보 및 제도운영 지원,,N,N,,입찰(용역)공고,2026-04-29,2026-05-14,마감,2026-04-29~2026-05-14,,2026-04-29,https://www.kiat.or.kr/front/board/boardContentsView.do?board_id=77&contents_id=afe7e869dc304d97804b2573b7effae1&MenuId=1e29209309434ec29095728c6f1356c7
KISA,공지,,「2026년 블록체인 응용서비스(API) 개발 자금 지원사업」 2차 모집 공고,,N,N,,R&D지원사업,,,,,,2026-07-22,https://www.kisa.or.kr/403/form?postSeq=10786&page=1
KISA,New,,(재공고)개발기업 SBOM 기반 오픈소스 보안 취약점 분석 및 관리체계 운영 지원,,N,N,,R&D지원사업,,,,,,2026-07-24,https://www.kisa.or.kr/403/form?postSeq=10792&page=1
KISA,1891,,[사전규격공개] 제8차 인터넷주소자원 기본계획 수립 컨설팅,,N,N,,기타,,,,,,2026-07-22,https://www.kisa.or.kr/403/form?postSeq=10791&page=1
KISA,1890,,2026년 블록체인 혁신선도 프로젝트 지원사업 IT감리 용역,,N,N,,입찰(용역)공고,,,,,,2026-07-22,https://www.kisa.or.kr/403/form?postSeq=10790&page=1
KISA,1889,,개인정보 노출 및 불법유통 분석·대응체계 강화를 위한 기능개선,,N,N,,기타,,,,,,2026-07-22,https://www.kisa.or.kr/403/form?postSeq=10789&page=1
KISA,1888,,2026년 마이데이터 서비스 지원사업 회계정산,,Y,N,데이터,R&D지원사업,,,,,,2026-07-22,https://www.kisa.or.kr/403/form?postSeq=10788&page=1
KISA,1887,,2026년 정보보호전문인력양성 민간위탁사업비 회계 정산 위탁,,N,N,,기타,,,,,,2026-07-22,https://www.kisa.or.kr/403/form?postSeq=10787&page=1
KISA,1886,,블록체인 최정예 인재양성 방안 연구,,N,N,,기타,,,,,,2026-07-22,https://www.kisa.or.kr/403/form?postSeq=10785&page=1
KISA,1885,,중소기업 사이버 시큐리티 훈련(AI모의침투) 서비스 제공,,Y,N,AI,기타,,,,,,2026-07-21,https://www.kisa.or.kr/403/form?postSeq=10784&page=1
KISA,1884,,[사전규격공개] 한·중 개인정보보호 협력포럼 및 세미나 개최 운영 용역,,N,N,,입찰(용역)공고,,,,,,2026-07-20,https://www.kisa.or.kr/403/form?postSeq=10783&page=1
KISA,1883,,2026년 블록체인 혁신선도 프로젝트 지원사업 품질관리 용역,,N,Y,품질,입찰(용역)공고,,,,,,2026-07-20,https://www.kisa.or.kr/403/form?postSeq=10782&page=2
KISA,1882,,글로벌 가상 얼굴인식 합성데이터 제작,,Y,N,데이터,기타,,,,,,2026-07-20,https://www.kisa.or.kr/403/form?postSeq=10781&page=2
KISA,1881,,공급망 보안 모델 구축 지원사업 회계감사,,N,N,,R&D지원사업,,,,,,2026-07-20,https://www.kisa.or.kr/403/form?postSeq=10780&page=2
KISA,1880,,양자내성암호 전환 경진대회·해커톤 기획 및 운영,,N,N,,기타,,,,,,2026-07-20,https://www.kisa.or.kr/403/form?postSeq=10779&page=2
KISA,1879,,양자내성암호 시범전환 사업 공인시험 위탁,,N,Y,시험,기타,,,,,,2026-07-20,https://www.kisa.or.kr/403/form?postSeq=10778&page=2
KISA,1878,,[사전규격공개] 2026 글로벌 정보보호 시장 심층 조사,,N,N,,기타,,,,,,2026-07-16,https://www.kisa.or.kr/403/form?postSeq=10777&page=2
KISA,1877,,[사전규격공개] 2026년 정보보호전문인력양성 민간위탁사업비 회계 정산 위탁,,N,N,,기타,,,,,,2026-07-15,https://www.kisa.or.kr/403/form?postSeq=10776&page=2
KISA,1876,,[사전규격공개] 개인정보 노출 및 불법유통 분석·대응체계 강화를 위한 기능개선,,N,N,,기타,,,,,,2026-07-15,https://www.kisa.or.kr/403/form?postSeq=10775&page=2
KISA,1875,,[사전규격공개] 2026년 블록체인 혁신선도 프로젝트 지원사업 IT감리 용역,,N,N,,입찰(용역)공고,,,,,,2026-07-15,https://www.kisa.or.kr/403/form?postSeq=10774&page=2
KISA,1874,,(자격확대 재공고)AI 실전형 사이버 훈련장 고도화 요구사항 시스템 설계,,Y,N,AI,R&D지원사업,,,,,,2026-07-15,https://www.kisa.or.kr/403/form?postSeq=10773&page=2
KISA,1873,,(재공고) 스미싱확인서비스 클라우드 이전 및 이중화,,N,N,,R&D지원사업,,,,,,2026-07-15,https://www.kisa.or.kr/403/form?postSeq=10772&page=3
KISA,1872,,화학공장 물리보안 위협 정보 연동 표준기술 환경 조성 및 연동성 검증,,N,Y,"검증, 표준",기타,,,,,,2026-07-15,https://www.kisa.or.kr/403/form?postSeq=10771&page=3
KISA,1871,,[사전규격공개] 블록체인 최정예 인재양성 방안 연구,,N,N,,기타,,,,,,2026-07-15,https://www.kisa.or.kr/403/form?postSeq=10770&page=3
KISA,1870,,중요 권한DNS 모니터링 시스템 개선 및 서비스 지원,,N,N,,R&D지원사업,,,,,,2026-07-15,https://www.kisa.or.kr/403/form?postSeq=10769&page=3
KISA,1869,,[사전규격공개] 중소기업 사이버 시큐리티 훈련(AI모의침투) 서비스 제공(참가자격일부 수정),,Y,N,AI,기타,,,,,,2026-07-14,https://www.kisa.or.kr/403/form?postSeq=10768&page=3
KISA,1868,,26년 피싱사이트 분석 및 앱 자동 수집 솔루션 라이선스 갱신,,N,N,,기타,,,,,,2026-07-14,https://www.kisa.or.kr/403/form?postSeq=10767&page=3
KISA,1867,,디지털 취약계층 대상 대화형 AI 역기능 대응 방안 연구,,Y,N,AI,기타,,,,,,2026-07-14,https://www.kisa.or.kr/403/form?postSeq=10766&page=3
KISA,1866,,(재공고)ISMS-P 차세대 시스템 고도화 정보전략계획 수립,,N,N,,R&D지원사업,,,,,,2026-07-13,https://www.kisa.or.kr/403/form?postSeq=10765&page=3
KISA,1865,,[사전규격공개] 2026년 마이데이터 서비스 지원사업 회계정산,,Y,N,데이터,R&D지원사업,,,,,,2026-07-13,https://www.kisa.or.kr/403/form?postSeq=10764&page=3
KISA,1864,,[사전규격공개] 양자내성암호 전환 경진대회·해커톤 기획 및 운영,,N,N,,기타,,,,,,2026-07-13,https://www.kisa.or.kr/403/form?postSeq=10763&page=3
SMTECH,1,접수중,2026년도 하반기 중소벤처기업부 혁신제품 신규지정 공고,중소벤처기업부 혁신제품 지정사업,N,N,,R&D지원사업,,,,2026. 07. 10 ~ 2026. 08. 10,SMTECH,2026-07-10,https://www.smtech.go.kr/front/ifg/no/notice02_detail.do?buclYy=&ancmId=S02874&buclCd=S9111&dtlAncmSn=1&schdSe=MO5005&aplySn=1&searchCondition=&searchKeyword=
SMTECH,2,접수중,2026년도 중소기업 연구인력지원사업(파견) 7월 공고,공공연연구인력파견지원(참여기업접수용),N,N,,R&D지원사업,,,,2026. 07. 01 ~ 2026. 07. 31,SMTECH,2026-02-04,https://www.smtech.go.kr/front/ifg/no/notice02_detail.do?buclYy=&ancmId=S02847&buclCd=S6041&dtlAncmSn=6&schdSe=MO5005&aplySn=1&searchCondition=&searchKeyword=
SMTECH,3,접수중,2026년도 제3차 중소벤처기업부 혁신제품 지정기간 연장(1차) 공고,중소벤처기업부 혁신제품 지정 연장사업,N,N,,R&D지원사업,,,,2026. 06. 26 ~ 2026. 07. 31,SMTECH,2026-06-26,https://www.smtech.go.kr/front/ifg/no/notice02_detail.do?buclYy=&ancmId=S02869&buclCd=S9112&dtlAncmSn=1&schdSe=MO5005&aplySn=1&searchCondition=&searchKeyword=
SMTECH,4,접수중,2026년도 제2차 중소벤처기업부 혁신제품 지정기간 연장(2차) 공고,중소벤처기업부 혁신제품 지정 연장사업,N,N,,R&D지원사업,,,,2026. 06. 26 ~ 2026. 07. 31,SMTECH,2026-06-26,https://www.smtech.go.kr/front/ifg/no/notice02_detail.do?buclYy=&ancmId=S02870&buclCd=S9112&dtlAncmSn=1&schdSe=MO5005&aplySn=1&searchCondition=&searchKeyword=
SMTECH,6,접수중,2026년 테크노파크 생산장비 고도화 제2차 지원계획 선정기관 과제접수 공고,산업기술단지거점기능강화,N,N,,R&D지원사업,,,,2026. 07. 08 ~ 2026. 07. 27,SMTECH,2026-07-07,https://www.smtech.go.kr/front/ifg/no/notice02_detail.do?buclYy=&ancmId=S02866&buclCd=S8012&dtlAncmSn=1&schdSe=MO5005&aplySn=2&searchCondition=&searchKeyword=
SMTECH,7,접수중,2026년도 제1차 한국무역보험공사 연계 수출지원프로그램 시행계획 안내,수출지원프로그램,N,N,,R&D지원사업,,,,2026. 07. 06 ~ 2026. 07. 27,SMTECH,2026-07-06,https://www.smtech.go.kr/front/ifg/no/notice02_detail.do?buclYy=&ancmId=S02873&buclCd=S9121&dtlAncmSn=1&schdSe=MO5005&aplySn=1&searchCondition=&searchKeyword=
SMTECH,9,접수중,2026년도 중소기업 R&D 우수성과 50선 모집 공고,중소기업 R&D 우수성과 사례발굴,N,N,,R&D지원사업,,,,2026. 06. 30 ~ 2026. 07. 24,SMTECH,2026-06-30,https://www.smtech.go.kr/front/ifg/no/notice02_detail.do?buclYy=&ancmId=S02871&buclCd=S9161&dtlAncmSn=1&schdSe=MO5005&aplySn=1&searchCondition=&searchKeyword=
SMTECH,13,접수완료,2026년도 중소벤처기업부 혁신제품 2차 규격추가 모집 안내문,중소벤처기업부 혁신제품 지정사업,N,N,,R&D지원사업,,,,2026. 06. 30 ~ 2026. 07. 21,SMTECH,2026-06-30,https://www.smtech.go.kr/front/ifg/no/notice02_detail.do?buclYy=&ancmId=S02872&buclCd=S9111&dtlAncmSn=1&schdSe=MO5005&aplySn=1&searchCondition=&searchKeyword=
SMTECH,14,접수완료,TIPA ValueUP 프로그램 19기 참여기업 모집 공고,TIPA ValueUP 프로그램,N,N,,R&D지원사업,,,,2026. 06. 25 ~ 2026. 07. 15,SMTECH,2026-06-24,https://www.smtech.go.kr/front/ifg/no/notice02_detail.do?buclYy=&ancmId=S02868&buclCd=S9141&dtlAncmSn=1&schdSe=MO5005&aplySn=1&searchCondition=&searchKeyword=
SMTECH,15,접수완료,2026년도 중소기업 수출 핵심품목 탄소감축 기술개발사업 하반기 시행계획 추가 공고,중소기업수출핵심품목탄소감축기술개발사업(R&D),N,N,,R&D지원사업,,,,2026. 06. 30 ~ 2026. 07. 13,IRIS,2026-06-30,https://www.smtech.go.kr/front/ifg/no/notice02_list.do
과학치안진흥센터,022997,접수중,2026년도 미래치안 도전기술 개발(융합탐색) 신규과제 공모,다부처,N,N,,기타,,,,지정공모,,2026-07-10,https://www.iris.go.kr/contents/retrieveBsnsAncmView.do?ancmId=022997
중소기업기술정보진흥원,019508,접수중,2026년도 투·융자 연계 기술개발사업 지원계획 수정 공고(딥테크 챌린지 프로젝트_기술도전형),중소벤처기업부,N,N,,R&D지원사업,,,,지정공모,,2026-07-10,https://www.iris.go.kr/contents/retrieveBsnsAncmView.do?ancmId=019508
한국연구재단,023018,접수중,2026년도 국제공동연구 신속지원사업(미국 제네시스 미션과의 협력을 위한 탐색연구) 신규과제 공모,과학기술정보통신부,N,N,,R&D지원사업,,,,자유공모,,2026-07-08,https://www.iris.go.kr/contents/retrieveBsnsAncmView.do?ancmId=023018
한국연구재단,022977,접수중,2026년도 「양자정보과학 인적기반조성사업」리더급 연구역량강화(전략기술형) 신규과제 재공모 (수정),과학기술정보통신부,N,N,,기타,,,,지정공모,,2026-07-08,https://www.iris.go.kr/contents/retrieveBsnsAncmView.do?ancmId=022977
정보통신기획평가원,022757,접수중,2026년도 인공지능혁신인재양성 2차 사업 공고,과학기술정보통신부,Y,N,인공지능,R&D지원사업,,,,자유공모,,2026-07-03,https://www.iris.go.kr/contents/retrieveBsnsAncmView.do?ancmId=022757
한국연구재단,022737,접수중,2026년 휴먼프론티어과학프로그램(HFSP) 협력사업(사전지원) 신규과제 공고,과학기술정보통신부,N,N,,R&D지원사업,,,,자유공모,,2026-06-30,https://www.iris.go.kr/contents/retrieveBsnsAncmView.do?ancmId=022737
한국산업기술진흥원,022695,접수중,2026년 산업혁신인재성장지원(해외연계) - 최고급 해외인재유치 지원사업 시행계획 추가 공고,산업통상부,N,N,,R&D지원사업,,,,자유공모,,2026-06-30,https://www.iris.go.kr/contents/retrieveBsnsAncmView.do?ancmId=022695
한국연구재단,022456,접수중,2026년도 한중핵심공동연구사업(Key Joint Research Program) 신규과제 공모,과학기술정보통신부,N,N,,기타,,,,자유공모,,2026-06-29,https://www.iris.go.kr/contents/retrieveBsnsAncmView.do?ancmId=022456
정보통신산업진흥원,022696,접수중,2026년 「인간-AI 협업형 LAM 개발·글로벌 실증 」사업 공고,과학기술정보통신부,Y,N,AI,R&D지원사업,,,,지정공모,,2026-06-26,https://www.iris.go.kr/contents/retrieveBsnsAncmView.do?ancmId=022696
정보통신산업진흥원,022694,접수중,2026년「협업지능 피지컬AI 기반 SW플랫폼 연구개발생태계 조성」사업 공고,과학기술정보통신부,Y,N,AI,R&D지원사업,,,,지정공모,,2026-06-26,https://www.iris.go.kr/contents/retrieveBsnsAncmView.do?ancmId=022694
한국연구재단,022515,접수중,2026년 한-캐나다 이공계 대학원생 연수프로그램 공모,과학기술정보통신부,N,N,,기타,,,,자유공모,,2026-06-22,https://www.iris.go.kr/contents/retrieveBsnsAncmView.do?ancmId=022515
한국연구재단,022514,접수중,2026년도 한-체코 공동연구사업 신규과제 공모,과학기술정보통신부,N,N,,기타,,,,분야공모,,2026-06-17,https://www.iris.go.kr/contents/retrieveBsnsAncmView.do?ancmId=022514
한국연구재단,022455,접수중,2026년도 방사선이용 기술개발사업(방사선 기반 소재·장비 기술 혁신화) 신규과제 재공모,과학기술정보통신부,N,N,,기타,,,,정책지정공모,,2026-06-11,https://www.iris.go.kr/contents/retrieveBsnsAncmView.do?ancmId=022455
한국연구재단,022534,접수중,2027년도 한-일(JSPS) 협력사업 신규과제 공모(협력연구·공동세미나),과학기술정보통신부,N,N,,설명회·행사,,,,자유공모,,2026-06-10,https://www.iris.go.kr/contents/retrieveBsnsAncmView.do?ancmId=022534
중소기업기술정보진흥원,020160,접수중,2026년 팁스(TIPS) 창업기업 지원계획 수정 공고(딥테크트랙),중소벤처기업부,N,N,,R&D지원사업,,,,자유공모,,2026-03-19,https://www.iris.go.kr/contents/retrieveBsnsAncmView.do?ancmId=020160
중소기업기술정보진흥원,020159,접수중,2026년 팁스(TIPS) 창업기업 지원계획 수정 공고(일반트랙),중소벤처기업부,N,N,,R&D지원사업,,,,자유공모,,2026-03-19,https://www.iris.go.kr/contents/retrieveBsnsAncmView.do?ancmId=020159
과학기술사업화진흥원,018400,접수중,2026년도 과학기술정보통신부 연구산업육성사업 시행 공고,과학기술정보통신부,N,N,,R&D지원사업,,,,"자유공모,지정공모",,2026-02-02,https://www.iris.go.kr/contents/retrieveBsnsAncmView.do?ancmId=018400
한국과학기술기획평가원,017852,접수중,(TEST) KISTEP  통합공고 테스트 입니다.,과학기술정보통신부,N,N,,R&D지원사업,,,,"자유공모,정책지정공모",,2026-01-01,https://www.iris.go.kr/contents/retrieveBsnsAncmView.do?ancmId=017852
